-1.08201451381064e-14,0.00050198627816929,0.00147406714213226,0.00288820012702436,0.00472052884014508,0.0069511219797589,0.00956337208739591,0.0125473635412397,0.0158522931855916,0.0194017631571431,0.0231376074819846,0.027016671987824,0.0309625636172991,0.0348990147221916,0.0387629939377432,0.0425017171653038,0.0460704926317844,0.0494312556713341,0.0525515972159201,0.0554040909788452,0.0579657553665832,0.0602175303957393,0.0621436972267373,0.0637312127566622,0.0649689707264075,0.0658470318856068,0.0663558877088743,0.0664858343587923,0.06622653546362,0.065566842744176,0.0644949212866471,0.0629986914520284,0.0610665563612051,0.0586883432979904,0.0558563652384029,0.0525665200808062,0.0488193940992065,0.0446214081103661,0.0399861086670924,0.034935728849607,0.0295031086388553,0.0237339899107265,0.0176896297877565,0.0114496566212687,0.00511514718521347,-0.00118799271223887,-0.00734971068557884,-0.0133307219441063,-0.0191605900349817,-0.0248564637348556,-0.0299589885882503,-0.034743146856718,-0.0392191631406338,-0.0434042991053374,-0.0473193487353034,-0.0511276716667974,-0.0550534986817019,-0.0590301573334147,-0.062694247117925,-0.065497233853422,-0.067383496814066,-0.0683858856309558,-0.0685397088066607,-0.0678663908570963,-0.0663686366039622,-0.0640395018329805,-0.0608781425460724,-0.0568866254705049,-0.0520480823910221,-0.0463630200079218,-0.0398376129334278,-0.0324588918470873,-0.0241885253167484,-0.0149565968966123,-0.00465115431961603,0.00689105484513455,0.0198933882307666,0.0343946850649072,0.0503505722375646,0.0676469345597607,0.0851340392322792,0.102884349109812,0.120815686572652,0.138852928177531,0.156939439321531,0.175041734985539,0.193156729028191,0.211322049887575,0.229626305326966,0.248211899645335,0.267233485852233,0.286703390267877,0.306540342804914,0.326664379861265,0.34697528519402,0.367375771933499,0.387785312836998,0.408138107638379,0.428378603016859,0.448455697344506,0.468319059351372,0.487923050162256,0.507239648163197,0.526271395907992,0.545050974337343,0.563625461529011,0.58203730524258,0.600313316821034,0.618463243281398,0.636483852501656,0.654364990831721,0.672096482810771,0.689676289084987,0.707120515590664,0.724474912279918,0.741825860870486,0.759307382217511,0.777100367760266,0.79532296277803,0.813961074762313,0.832593355771629,0.851219670739452,0.869839886907426,0.888453873876724,0.907061503658502,0.925662650723412,0.944257192050168,0.962845007173143,0.981425978228973,0.999999990002158
5.41953574454764e-15,-9.39829245207425e-05,-0.000344942491564311,-0.000807465815904907,-0.00152756301365213,-0.00254315538782976,-0.00388500690729822,-0.00556953486148317,-0.00758611927013665,-0.00987493768987779,-0.0123897128364307,-0.0150959647771439,-0.0179270095823408,-0.0208138879384783,-0.0236980524737392,-0.0265289904300247,-0.0292620495011126,-0.0318565562139379,-0.0342742784773741,-0.0364782451384447,-0.0384319039993659,-0.0400985793080646,-0.0414411812265292,-0.0424221224107249,-0.0430034079704895,-0.043146880362035,-0.042814614874463,-0.0419694692577946,-0.0405757892677972,-0.0386002597928044,-0.0360128717332065,-0.0327879549271505,-0.0289052174756518,-0.0243507425681012,-0.0191179312575137,-0.0132084390191855,-0.00663321861089107,0.000586171169846946,0.00841581825102496,0.016807118213402,0.025693718785315,0.0349876288636461,0.04457433090434,0.0543066449566796,0.0639969809595078,0.073407535584589,0.0823036884491564,0.0905142734117135,0.0979810082724376,0.104671791569188,0.109918805100362,0.114091463807116,0.117201981599138,0.119247261184695,0.120220030738656,0.12019058624191,0.119296530322195,0.117539331524108,0.115526359722223,0.114302458232893,0.113986297094537,0.114576468285827,0.116101754254547,0.118623217078127,0.122224484114138,0.126998880677976,0.133040784286596,0.140419434981006,0.149146524681612,0.159226157381289,0.170649269417875,0.183380419255697,0.197386172002013,0.212646605334202,0.229187752114219,0.247370907742116,0.267164579892144,0.28857559926363,0.311605229186182,0.336178502196773,0.359501308548378,0.381838715804283,0.403313257318904,0.423993311796212,0.443909491742789,0.463059917523461,0.481408424448458,0.498882096549133,0.515375552629862,0.530771641944259,0.544984991547056,0.557983736984324,0.569778594410171,0.580349211199126,0.589685902597214,0.597792170055913,0.604681813899094,0.610378735868079,0.614915019659727,0.618331105837092,0.620680498131842,0.622036290575153,0.622490602913621,0.622139784690827,0.621061469611819,0.619299313763314,0.61686355529256,0.61374166554931,0.609909403760928,0.605337060628141,0.599990411698221,0.593828018809982,0.586797050952795,0.578829913323578,0.56984381782365,0.559744349835332,0.548431369795557,0.535801504150533,0.521817398966751,0.506515457447753,0.490225591405897,0.472947916866791,0.454682552490148,0.435429619523873,0.415189241757158,0.393961545472587,0.371746659397282,0.348544714653099,0.324355844705899,0.29918018531391
-2.16692252028974e-15,-0.00535963658705944,-0.0142870379967654,-0.0253162512972192,-0.0372818037527739,-0.0492921209470216,-0.06070182867966,-0.0711703243266219,-0.0801296287666527,-0.087017205831815,-0.091481553115493,-0.0933399424060965,-0.0927155235476118,-0.0898795397235064,-0.0851626548298333,-0.0789305688974606,-0.0715644280496372,-0.063445652573935,-0.0549445098676381,-0.0464116901551141,-0.0381722140533354,-0.0305211247927627,-0.0237205356240886,-0.0179976893143026,-0.013543742340359,-0.0105130280058947,-0.00902260313632548,-0.00915196342304979,-0.0109429360037789,-0.0143999246932638,-0.0194908770170483,-0.0261495279067711,-0.0342796015922113,-0.0437616644807489,-0.0544631753501552,-0.0662519677943155,-0.0790129597443785,-0.0926673813104645,-0.107193310314889,-0.122645848770356,-0.139174888815182,-0.157038124602293,-0.176606782429522,-0.198361451029933,-0.222875348724484,-0.250782341030359,-0.282219636351258,-0.317112319041488,-0.355342681099854,-0.396468356903586,-0.43652624466297,-0.476859906502993,-0.517560650926475,-0.558625991374452,-0.600130746183415,-0.641954462324163,-0.684156746324624,-0.727495848200887,-0.771566694497899,-0.815231730204294,-0.858426238917684,-0.900901209763739,-0.942128196395,-0.981536085881304,-1.01876453074078,-1.05376333841839,-1.08673326887294,-1.117967763578,-1.14767431887839,-1.17601699046123,-1.20300265832972,-1.22826067294979,-1.25110005079524,-1.27049777883303,-1.28460141417163,-1.28745589449268,-1.27849933421512,-1.25764060384812,-1.22508100787303,-1.18106791494093,-1.13799137146417,-1.09714897191218,-1.05860349188575,-1.02223140497783,-0.987698137590936,-0.954603198088153,-0.922691583421932,-0.892089913015848,-0.863483449900875,-0.838093950850547,-0.817022295068359,-0.79976533294562,-0.78510776728286,-0.772422016871944,-0.760881712145805,-0.749618822570217,-0.737875843925913,-0.724992192890211,-0.710447813911637,-0.693944418118988,-0.675475662230651,-0.65532753804846,-0.633970822689789,-0.611874337398156,-0.589341706570669,-0.566460509612012,-0.543153930955064,-0.519263322231668,-0.494611549054279,-0.469039782889295,-0.442429830131614,-0.414724551285381,-0.385955179323386,-0.356281940313871,-0.326051140576496,-0.295863120532911,-0.266630640118468,-0.239596925937741,-0.216366665084877,-0.19669696825898,-0.177027271433082,-0.157357574607184,-0.137687877781286,-0.118018180955388,-0.0983484841294898,-0.0786787873035918,-0.0590090904776939,-0.0393393936517959,-0.019669696825898,-2.22186161413222e-17
-1.25663706143592,-1.26143296531591,-1.27019321922817,-1.28219254042108,-1.29687748580419,-1.31387650039912,-1.33298024117225,-1.35412741756171,-1.37699454000351,-1.40107462608105,-1.42607909687265,-1.45188194362294,-1.47816373694787,-1.50458834400394,-1.53087204724014,-1.55675373003114,-1.58197337078562,-1.60625756867713,-1.62931108814381,-1.65081364029479,-1.67042127181352,-1.68777179024334,-1.70249363678704,-1.71421755944144,-1.72259037086607,-1.72729000609506,-1.72804101132475,-1.72462947470229,-1.71691624991628,-1.70484716565771,-1.68845885879586,-1.667879056466,-1.64332068603442,-1.61507013648223,-1.58347118330241,-1.54890719849407,-1.5117848953556,-1.47252269531286,-1.43154579419495,-1.38928839879582,-1.34620188447371,-1.30276635351622,-1.25950274066506,-1.21698354077599,-1.17584259682401,-1.13678832599191,-1.10023067308017,-1.0660746661419,-1.03367245604759,-1.00226238034129,-1.02370721321695,-1.06651653279101,-1.12942355970903,-1.211290256559,-1.31091214235871,-1.41628295704703,-1.50887113899535,-1.59101792654534,-1.66532313981536,-1.73358879113442,-1.79708001741686,-1.85592435945753,-1.90903503131688,-1.95415477372887,-1.98791318964802,-2.0059003454301,-2.00277944039716,-1.97482888571876,-1.92374093184315,-1.85128471722388,-1.75929480215808,-1.64960897763148,-1.52412765595836,-1.38477886972956,-1.23348014471712,-1.07348014331601,-0.913480141858018,-0.753480140422197,-0.593480139075154,-0.433480137479797,-0.304353356869468,-0.204721258329127,-0.132741620939019,-0.0868471275897245,-0.0657211128264206,-0.0682146289874739,-0.0933071224713781,-0.140094697373155,-0.207781118165492,-0.295646060752388,-0.399594895110075,-0.510743193635015,-0.624649837396119,-0.739342719817724,-0.853975538245708,-0.968330768246723,-1.08254252739542,-1.1967952499,-1.31092940245522,-1.42391482357468,-1.53329953989033,-1.63495676509598,-1.72354299835553,-1.79374510709999,-1.84172470284649,-1.86590287209624,-1.86677320725919,-1.84613171756385,-1.80628902283522,-1.74959062590193,-1.67830407537121,-1.59479985395604,-1.50192139402136,-1.40344008929033,-1.30449068306982,-1.21188724438564,-1.13425533902565,-1.08199054167412,-1.05663706143592,-1.05663706143592,-1.05663706143592,-1.05663706143592,-1.05663706143592,-1.05663706143592,-1.05663706143592,-1.05663706143592,-1.05663706143592,-1.05663706143592,-1.05663706143592,-1.05663706143592
2.35619449019234,2.35087635296504,2.34236170940611,2.3323914562569,2.32235542848389,2.31331991812061,2.30605538751304,2.30093756422716,2.29846545752431,2.29892144654802,2.3024092163853,2.3088918608214,2.31791696157273,2.32890205132416,2.34127473553512,2.35449155065721,2.36805017063914,2.38149601835653,2.39442450765003,2.40648003045684,2.41735257161207,2.42677260568806,2.43450477464504,2.44034078135098,2.44409194683497,2.44558193375073,2.44464019288628,2.44109670210479,2.43477850127305,2.42550835503289,2.41310558677733,2.3973887400422,2.3781792977422,2.35530532883801,2.3286037616357,2.2979201055825,2.2631048914134,2.22400681713162,2.18046346031068,2.13229133290853,2.07927795829912,2.0211795807241,1.95772924275602,1.88866164059859,1.81376399891581,1.73296708005792,1.64677764252756,1.55564786773249,1.45939256937773,1.35796619640301,1.3485236866534,1.37083355253023,1.42245315945344,1.50102362866654,1.60034246985853,1.71468964964512,1.84288669618482,1.97373600914151,2.09907517473435,2.2136907223798,2.31481594413075,2.40160038344623,2.47447589832887,2.53459233460285,2.58328017840744,2.62149158543595,2.64922775747216,2.66493520335794,2.66488810212976,2.64277564444499,2.59237972293178,2.51553041179674,2.41385854885221,2.28882854009537,2.14817695089513,2.00783747130622,1.89277155046783,1.81419870675224,1.76989786568452,1.75780132243258,1.77605680139239,1.82266076106373,1.88871684662724,1.96525772837324,2.04494219109442,2.12158288411999,2.19000367607562,2.24631898617985,2.28850400685169,2.31688054662033,2.33404601390713,2.34390118068454,2.35016638675641,2.35562347896902,2.3620920885182,2.37058472230024,2.38148419348156,2.39466653217126,2.40953946203852,2.4250349774189,2.43963836860119,2.45155617684035,2.45907586886844,2.46102848106141,2.45713385254014,2.44805164703053,2.43515494626228,2.42017764369368,2.40487301931984,2.39074564174934,2.37886855239585,2.36978681499697,2.36351544497687,2.35964050101541,2.35751191708097,2.35647716301918,2.35606763575185,2.35604172490405,2.35619449019234,2.35619449019234,2.35619449019234,2.35619449019234,2.35619449019234,2.35619449019234,2.35619449019234,2.35619449019234,2.35619449019234,2.35619449019234,2.35619449019234,2.35619449019234
-1.25663706143592,-1.26810627151368,-1.28831516459282,-1.31510762527228,-1.34679150517485,-1.38206819172286,-1.41998484637393,-1.46005551899031,-1.50100422725621,-1.54112313343927,-1.57909277614355,-1.61394528926228,-1.64498019797214,-1.67180212337843,-1.6943007355051,-1.71259390567852,-1.72696882324754,-1.73782581701516,-1.74562833239366,-1.75086093070549,-1.7539957954466,-1.75546726045114,-1.75565332930247,-1.75486295338542,-1.75332787634332,-1.75119805097172,-1.74853993429423,-1.74533733369764,-1.74149488597716,-1.7368446684712,-1.73115681178686,-1.72415522318871,-1.71553953349443,-1.70501404784256,-1.6923237596528,-1.67729642166376,-1.65988842971583,-1.64023115594102,-1.61867372684831,-1.59581840478588,-1.57254585651,-1.55002952871582,-1.5297405738375,-1.51344651702558,-1.50320750316696,-1.50137354945561,-1.50924165684474,-1.52724873511305,-1.55522336845616,-1.59244847026929,-1.63502163153793,-1.68343061602673,-1.73795708558943,-1.79880464364775,-1.86647429293488,-1.94019070258671,-2.01906403232729,-2.10613659389386,-2.20226564467972,-2.30596378454879,-2.41694235345743,-2.53289049004991,-2.64910149289019,-2.75965707965071,-2.8592210074873,-2.94426087963921,-3.01321838829471,-3.06611645831204,-3.1040021102658,-3.12822434095952,-3.14000003129575,-3.14000003139478,-3.12834095689863,-3.1045395318348,-3.06663036842876,-3.00527176255842,-2.92121112967762,-2.81444930019182,-2.68423686834722,-2.5287084416515,-2.40323666384143,-2.29566391472502,-2.20000088230724,-2.1114731568034,-2.02576846689597,-1.93922428455701,-1.84959935460705,-1.75722678041512,-1.66619892512251,-1.58483473581012,-1.52410069981711,-1.48991312178267,-1.48151446380935,-1.498170549582,-1.53443206336588,-1.5829776788543,-1.63699827309279,-1.69058522018545,-1.73897263722514,-1.77878242635602,-1.80817868802115,-1.82678035418649,-1.83526358126861,-1.83474956093224,-1.82621958186292,-1.81018187390412,-1.78663250017473,-1.75519800221453,-1.71533530947415,-1.666529846973,-1.6084892477753,-1.54135450280903,-1.46595326073681,-1.3841110971558,-1.29901687320687,-1.21560564918573,-1.14088443888743,-1.08411027165585,-1.05663706143592,-1.05663706143592,-1.05663706143592,-1.05663706143592,-1.05663706143592,-1.05663706143592,-1.05663706143592,-1.05663706143592,-1.05663706143592,-1.05663706143592,-1.05663706143592,-1.05663706143592
2.35619449019234,2.36197040533165,2.37190512054085,2.38465754857325,2.39914782090435,2.41453748118077,2.43020639945009,2.44577552511428,2.46055930303992,2.47373074039985,2.4847637982227,2.493372579057,2.49950398261704,2.50327246111801,2.50489983274337,2.50467367612087,2.50291433195903,2.49994989712476,2.49609794378348,2.49165254448323,2.48687532797156,2.48198954645546,2.47717638526373,2.47257293826382,2.46827140079801,2.46431911491593,2.46071916655462,2.4574313077255,2.45437308078069,2.45142117246639,2.44841323081063,2.4451506337952,2.44140298254184,2.43691535736986,2.43141955521498,2.42465054509576,2.41636916890176,2.40639164310416,2.3946256943945,2.38111225518471,2.36607067443873,2.34994451377572,2.33344430012973,2.31758304813192,2.30369970155916,2.29346452071048,2.28808781042542,2.28830097008848,2.29425052966067,2.3055674754287,2.32124056115621,2.34094548489998,2.36460297224794,2.39206980428702,2.4232410428861,2.45751576462185,2.49418681009395,2.53349252536485,2.57203128075432,2.60396819632816,2.62816379460409,2.64388976414285,2.65037750485609,2.64713801074685,2.63410687423098,2.61154348491901,2.57983195162314,2.53936980448483,2.49053813747358,2.43359425372081,2.36870926339677,2.29606325406198,2.21576749868667,2.12783166059136,2.0322588748409,1.92966485230206,1.81831575104734,1.69554344807009,1.55721474660652,1.39721474500685,1.33023710699128,1.29775842285792,1.29700295738943,1.32538195343259,1.3805003243455,1.46017801134935,1.5624877333557,1.68579635270381,1.8287865644637,1.98878656553811,2.14578407803033,2.27650296224615,2.37297885113406,2.43774923221083,2.47767715483091,2.49982061779719,2.50973735597284,2.51123975882075,2.50676952911196,2.49791358708124,2.48582979553327,2.47150245829315,2.45583908972977,2.43966947153651,2.42371806927175,2.4085938403594,2.39480150678462,2.38275607821028,2.37278282966311,2.36509514223647,2.35975381867833,2.35662201882787,2.35533911231553,2.35534132213416,2.35595138296358,2.35653821492081,2.35671102754773,2.35647098199084,2.35619449019234,2.35619449019234,2.35619449019234,2.35619449019234,2.35619449019234,2.35619449019234,2.35619449019234,2.35619449019234,2.35619449019234,2.35619449019234,2.35619449019234,2.35619449019234
-3.95977498030923e-15,0.0501986278211039,0.097208086399427,0.141413298492368,0.183232871315248,0.223059313964564,0.26122501076933,0.298399145390641,0.330492964434054,0.354946997156482,0.373584432485441,0.387906450587454,0.394589162948319,0.393645110490033,0.386397921555913,0.373872322756754,0.35687754664872,0.336076303955563,0.312034154459156,0.285249376293002,0.256166438774236,0.225177502916001,0.192616683100122,0.158751552992779,0.123775796974762,0.0878061159201199,0.0508855823269102,0.0129946649919316,-0.0259298895171304,-0.0659692719443214,-0.107192145752821,-0.149622983461826,-0.193213509082277,-0.237821306321437,-0.283197805958708,-0.328984515759637,-0.374712598159937,-0.419798598883997,-0.463529944327337,-0.505037981748494,-0.543262021075131,-0.576911872812841,-0.60443601229695,-0.623997316648731,-0.633450943605478,-0.630313989745112,-0.616171797333823,-0.598101125852707,-0.582986809087513,-0.569587369987256,-0.510252485339449,-0.478415826846747,-0.44760162839156,-0.418513596470335,-0.391504962996578,-0.380832293149383,-0.392582701493205,-0.397665865171656,-0.366408978451401,-0.280298673550057,-0.18862629606474,-0.100238881689307,-0.0153823175707892,0.0673317949561511,0.149775425313145,0.232913477097905,0.316135928690562,0.399151707556493,0.483854307948033,0.568506238309768,0.652540707449139,0.737872108633449,0.827036653034067,0.923192842013777,1.03054425769948,1.15422091647487,1.30023333856299,1.45012968341383,1.59558871726551,1.72963623220991,1.74871046725217,1.77503098775358,1.79313374628431,1.80372416048823,1.80865111440031,1.81022956640115,1.81149940426546,1.8165320859387,1.83042554393943,1.8585594318373,1.90215862069011,1.94699044156467,1.98369525370399,2.01240370563543,2.03109053327587,2.04004867394817,2.04095409035027,2.03527948013839,2.02404953784833,2.00770943276496,1.98633620068695,1.9603990810887,1.93165980009448,1.90317477447973,1.87795784293548,1.85744871916708,1.84118437135724,1.82760115784575,1.81499264603666,1.80206092202614,1.78811383300678,1.77314919790537,1.75798062742187,1.74442265056803,1.73543966892574,1.73509485905704,1.7481521347029,1.77929855427578,1.82225950177674,1.86381119842859,1.8632281009319,1.86263149678263,1.86202161679769,1.86139869693017,1.86076297817813,1.8601147064913,1.85945413267593,1.85878151229781,1.85809710558333,1.85740117731883
3.11558643366802e-15,-0.00939829245422094,-0.025095956705985,-0.0462523324357121,-0.0720097197764025,-0.101559237419476,-0.134185151948121,-0.16845279538738,-0.201658440905406,-0.228881841975394,-0.25147751465657,-0.270625194074503,-0.283104480520514,-0.288687835614536,-0.288416453526833,-0.283093795629242,-0.273305907109437,-0.259450671283131,-0.241772226344175,-0.220396666107562,-0.195365886092583,-0.166667530870277,-0.134260191846811,-0.0980941184198766,-0.0581285559767206,-0.014347239154762,0.0332265487570251,0.0845145616667115,0.139367998999647,0.197552947499215,0.258738805959754,0.322491680605594,0.388273745149884,0.455447490755093,0.523281131058796,0.590949223832872,0.657522040829518,0.72193897807388,0.782964708117888,0.839129996237794,0.8886600571914,0.929391007833208,0.95867020406949,0.973231405234063,0.969033600282925,0.941055462508152,0.889615286456672,0.821058496255966,0.746673486072536,0.669078329675233,0.524701353117467,0.417265870675485,0.311051779202373,0.204527958555795,0.0972769553962323,-0.00294444967451555,-0.0894055919719931,-0.175719879808844,-0.201297180188591,-0.122390148933075,-0.0316161138357369,0.0590171191288721,0.152528596871937,0.252146282357804,0.360126703601036,0.477439656383559,0.604190360861879,0.737865069440809,0.872708970060407,1.00796326996762,1.14231120365839,1.27311498378253,1.40057527463067,1.52604333321796,1.65411467800116,1.81831556278908,1.9793672150021,2.14110193714794,2.30296299225454,2.45732730104445,2.33228063516088,2.23374072559096,2.14745415146247,2.06800544773121,1.99161799465817,1.91504257806752,1.83485069250015,1.74736721006792,1.64934560807328,1.53960893144019,1.42133496028008,1.2998745437272,1.17948574258511,1.05706167889594,0.933669139809149,0.810626745870361,0.688964384318509,0.569692196898917,0.453628379165214,0.34160861773694,0.23493922947537,0.135579244331464,0.0454312338472574,-0.0350818222790011,-0.107831507900358,-0.176215584850153,-0.243575847074994,-0.312188974324539,-0.383226178837826,-0.457234313278256,-0.534664892991589,-0.616239288823498,-0.703096785718327,-0.796713762921205,-0.898609549992467,-1.0099467988314,-1.13129800397702,-1.26298656450197,-1.39841051837785,-1.53019415189936,-1.62898660418522,-1.72776745391014,-1.82653643766391,-1.92529329662709,-2.02403777667111,-2.12276962845666,-2.22148860753005,-2.32019447441789,-2.41888699471966,-2.51756593919845
1.02787776783624e-16,-0.535963658705879,-0.892740140970744,-1.10292133004553,-1.19655524555562,-1.20103171942492,-1.14097077326496,-1.04684956470175,-0.895930443997827,-0.688757706516154,-0.446434728367704,-0.185838929060134,0.0624418858485489,0.28359838241061,0.47168848936739,0.623208593237345,0.736614084782415,0.811877547570291,0.850114270629751,0.853281971252459,0.823947610177926,0.765108926057317,0.68005891686745,0.57228463097863,0.445394697394392,0.303071433446457,0.149042486956937,-0.0129360286724169,-0.179097258072901,-0.34569886894848,-0.509095232378444,-0.665865088972283,-0.813007368544015,-0.948206288853757,-1.07015108694063,-1.17887924441603,-1.27609919500629,-1.36544215660861,-1.45259290044243,-1.54525384554676,-1.65290400448253,-1.78632357871112,-1.95686578272294,-2.17546686004107,-2.45138976945513,-2.79069923058752,-3.14372953208988,-3.48926826902297,-3.82303620583658,-4.11256758037327,-4.00578877593833,-4.03336618400239,-4.07007444234814,-4.10653404479766,-4.15047548089635,-4.18237161407476,-4.22022840004576,-4.33391018762633,-4.40708462970122,-4.36650357063949,-4.31945087133897,-4.2474970846055,-4.1226986631261,-3.94078894863041,-3.7228444859473,-3.49988076776138,-3.2969930454545,-3.1234494705063,-2.9706555300391,-2.83426715828422,-2.69856678684918,-2.525801462006,-2.283937784546,-1.93977280377932,-1.41036353385976,-0.285448032104781,0.895656027755344,2.08587303670073,3.25595959750804,4.40130929321098,4.30765434767599,4.08423995519862,3.85454800264359,3.63720869079115,3.45332673868977,3.3094939502782,3.19116146662212,3.06016704060842,2.86064631149732,2.53894990503279,2.10716557821896,1.72569621227397,1.46575656627611,1.26857504109161,1.15403047261399,1.12628895755889,1.17429786443046,1.28836510357023,1.45443789785737,1.65033957926482,1.84687558883366,2.01481241821894,2.13567153586701,2.20964852916305,2.25326308274848,2.28811969586541,2.33065786569453,2.3890608723392,2.46517731773851,2.55717661649804,2.66099527576766,2.77052788462299,2.87693719619917,2.96732390095128,3.02307997373754,3.01880200435869,2.92324804144469,2.70337141807354,2.32302608528631,1.96696968258979,1.96696968258979,1.96696968258979,1.96696968258979,1.96696968258979,1.96696968258979,1.96696968258979,1.96696968258979,1.96696968258979,1.96696968258979,1.96696968258979
-6.42805834961739e-17,-0.479590387999381,-0.876025391226026,-1.19993211929082,-1.46849453831144,-1.69990145949234,-1.91037407731354,-2.11471763894408,-2.28671224418136,-2.40800860775467,-2.5004470791594,-2.58028467502795,-2.62817933249377,-2.6424607056064,-2.62837032362028,-2.58816827910046,-2.52196407544749,-2.42841978915092,-2.305351946668,-2.1502552150982,-1.96076315187364,-1.73505184298158,-1.47218465437018,-1.17239226543986,-0.837281142463061,-0.469963522898648,-0.0751005229690201,0.341153662245846,0.771322478601107,1.20690842585641,1.63883068618505,2.05798023298641,2.45583704315725,2.82505495521916,3.15989531798189,3.45639848083476,3.71223031384698,3.92622000427323,4.09769011179126,4.22573953991297,4.30865143221091,4.3435530957494,4.32636128511621,4.25191998890687,4.11409439519765,3.90542708321,3.65576529117386,3.41560069382777,3.24022100943036,3.14100757062985,-2.14448328756605,-4.28093195740582,-6.29070269180167,-8.18666968499673,-9.96218857997157,-10.5370814688323,-9.25881819483106,-8.21467875499986,-7.43052132700127,-6.82656513190659,-6.34912262824428,-5.88443420406652,-5.31106718593485,-4.51197424119941,-3.37584159191508,-1.79871557820799,0.312090503294578,2.79505546783999,5.10879538756037,7.24562146192733,9.19899150657974,10.9685824526601,12.5481321673122,13.93487862288,15.1298725012436,16.0000001401113,16.0000001457994,16.000000143582,16.0000001347044,16.0000001595357,12.9126780610329,9.96320985403404,7.19796373901078,4.58944933492947,2.11260147633038,-0.249351616105322,-2.50924934839041,-4.67875749017765,-6.76864207923368,-8.78649425868961,-10.3948834357687,-11.114829852494,-11.3906643761103,-11.4692882421605,-11.4632818427984,-11.4355230001015,-11.4211759148693,-11.4252722504587,-11.4134152555215,-11.2985421119457,-10.9384716315655,-10.1657225205655,-8.85862332595474,-7.02021087444648,-4.79795957464979,-2.41781692497543,-0.0870335162946319,2.06414896953429,3.98426947286219,5.66983969332906,7.12865505307168,8.35042214151786,9.28784599346769,9.84813047310292,9.89494062205082,9.260343868418,7.76319053599911,5.2264797351535,2.53534802382,-2.1193673800776e-18,-4.30527252727862e-20,-1.06843078913871e-19,-1.30504741256561e-19,-1.38805585978299e-19,-1.41221516793759e-19,-1.41380750269387e-19,-1.40675091906945e-19,-1.39640416769814e-19,-1.38481317595238e-19,-1.3723276921905e-19
-2.41996982093004e-17,-0.531813722730657,-0.851464355892858,-0.997025314921315,-1.00360277730073,-0.9035510363274,-0.726453060757263,-0.511782328580311,-0.247210670293277,0.0455989023707908,0.348776983727831,0.64826444361046,0.902510075132905,1.0985089751432,1.23726842109617,1.32168151220856,1.35586199819282,1.34458477173983,1.29284892934985,1.20555228068048,1.08725411552365,0.942003407598463,0.773216895698627,0.583600670593473,0.375116548399204,0.148998691576069,-0.0941740864450305,-0.354349078148301,-0.631820083174454,-0.927014624016376,-1.24027682555608,-1.57168467351229,-1.92094423000065,-2.28739689041842,-2.67015672023124,-3.06836560531973,-3.48152141691003,-3.90980742817811,-4.35433568209447,-4.81721274021422,-5.30133746094156,-5.80983775750195,-6.34503379680785,-6.90676021574299,-7.48976416827845,-8.0796918857886,-8.61894375303602,-9.11297747950687,-9.62552983547665,-10.1426372974712,-0.944250974961171,2.23098658768295,5.1619606923212,7.85704692131,9.93188411919859,11.4347179786595,12.8197046539693,13.0849312956695,12.5339165592834,11.4615547645449,10.1125221750955,8.67844393154834,7.28755148826365,6.01164362739752,4.86878438045904,3.82114070285191,2.77361720362064,1.57074458857784,-0.00471012281841822,-2.2112457684768,-5.03959215132052,-7.68493111350409,-10.1671862944527,-12.5030008756843,-14.0651589200243,-14.0339479588905,-11.5065920838398,-7.85728437155858,-4.43008410677219,-1.20965432519386,1.82554789598097,4.66039596713408,6.60560855635132,7.65408817459944,7.9684462721185,7.66406930255663,6.84207919556314,5.63153101042275,4.21850206718432,2.83765397686358,1.71654672868048,0.985516677741123,0.626520607186648,0.545709221260629,0.646860954918066,0.849263378203845,1.08994711813296,1.31823386896903,1.48729298672632,1.54955153803776,1.46033911822894,1.19178082391632,0.751969202808721,0.195261219296995,-0.389462852126587,-0.908220550960942,-1.28967007682484,-1.49773025686029,-1.53046243738362,-1.41273775705073,-1.18770893534815,-0.908173739888867,-0.627137002009748,-0.387494396145842,-0.212858393443785,-0.103475406178901,-0.0409527267329841,-0.00259108478046041,0.0152765288295866,6.22801870658411e-19,1.24375095027359e-19,1.33933365422453e-19,1.37244997056406e-19,1.38191052544436e-19,1.38256771455333e-19,1.38010586505759e-19,1.37669567901108e-19,1.37314841603011e-19,1.36971259804652e-19,1.3662751857158e-19
-6.70526721244608e-17,-1.14692100777598,-2.02088930791387,-2.67924606794597,-3.16838799025759,-3.52766865480112,-3.7916654651061,-4.00706726163946,-4.09487082658816,-4.01189061830595,-3.79696427042801,-3.48525131187317,-3.10349087098622,-2.68219254062874,-2.2498612126671,-1.82931701734203,-1.43749175690198,-1.08569937676245,-0.780251537849282,-0.523259831183087,-0.313486474111103,-0.147146500453873,-0.0186068851331301,0.0790375917049244,0.153507704209925,0.212982537160302,0.265811667748407,0.320260059659084,0.384244772047925,0.465021750596137,0.568785668433918,0.700158859814697,0.861568969428742,1.05254856518707,1.26902881897516,1.5027337989045,1.740799194793,1.96572737748082,2.15574290927111,2.28553220624253,2.3272548275886,2.25163277941746,2.0288954878326,1.62940568119224,1.02390138586172,0.183395371134873,-0.786810738913231,-1.80070782683122,-2.79746333431089,-3.72251018131296,-4.25731612686423,-4.84089844887938,-5.4526469562697,-6.08475580583236,-6.7669649287129,-7.37164096518333,-7.88733297405772,-8.70725615665678,-9.61290507858643,-10.3698139869075,-11.0978568908637,-11.5948136592476,-11.6211002840282,-11.0555586760519,-9.95639278365948,-8.50398721519049,-6.89575086554968,-5.28980700173326,-3.78856519537603,-2.42222306937276,-1.17756903362291,-9.9030036400194e-09,1.16590744961544,2.38014250638305,3.79091634060369,6.13586058703461,8.40606328807964,10.67618294858,13.0212431844599,15.5528426695721,12.5471777810078,10.7572749116405,9.56630324177804,8.85277255038425,8.5704689907432,8.65441823389552,8.96249299499624,9.2372574191929,9.10278552926061,8.13641893123914,6.07340359930072,3.41875780344453,0.83986579733181,-1.6656085772649,-3.62615137838867,-4.8545615488422,-5.40205942384849,-5.35869470926577,-4.8387417039696,-3.98097891308789,-2.9396261665127,-1.86016661653351,-0.848322708211853,0.0514020336371746,0.852997906931796,1.60377079588054,2.35493737294007,3.14344979601976,3.98626927403856,4.88054625011563,5.8040599197707,6.71347449662719,7.54012420722263,8.18421635810134,8.50942239489272,8.34112240211421,7.47212102982941,5.67741672315732,2.7473210219936,-1.26488713774467e-16,-5.53956814601256e-18,-2.15505912624358e-18,-8.61436440542958e-19,-3.67396913989415e-19,-1.79121736657007e-19,-1.07768110795939e-19,-8.11217159980721e-20,-7.15661125521802e-20,-6.85308121726202e-20,-6.79723185837262e-20
-1.89087550198924e-17,0.577591513930095,0.993471520920454,1.2752428032399,1.44902723311059,1.53896602764159,1.56689182693234,1.55691256641862,1.47837779256455,1.31714373599236,1.10330578228539,0.860878083429491,0.613140356004474,0.376847850096916,0.162737162535867,-0.0226156622501114,-0.175934416183352,-0.296443483427436,-0.385195334127947,-0.44453993002527,-0.477721651166289,-0.48857815161047,-0.481316119173264,-0.460344699991194,-0.430153746580544,-0.395228588208043,-0.359994836130798,-0.328785882912433,-0.305822694480883,-0.295190831430268,-0.300794165575481,-0.326259701543076,-0.374765125336063,-0.448762517197672,-0.549580215487847,-0.676901011922915,-0.828137619399245,-0.997752579759957,-1.1765948709663,-1.35134392097873,-1.50415807459871,-1.61261606630046,-1.65002136459869,-1.58612519978152,-1.38833465727628,-1.02351808486775,-0.537671028506094,0.0213159663059739,0.594955957219088,1.1316945768036,1.56730857275059,1.97049237437734,2.36574873479573,2.74668320390834,3.11712385990736,3.4274721735753,3.66710454720999,3.93057152709022,3.85387553894628,3.19369155738406,2.41955982759312,1.57259695387602,0.64877407132387,-0.323949410923744,-1.30311365158633,-2.25633893119728,-3.17115332958699,-4.04621471383106,-4.88316670112569,-5.69438837527609,-6.48849903240484,-7.26460093347816,-8.02957553753155,-8.79358380953078,-9.55727857504559,-10.259402253884,-11.1349101254727,-12.2772302977244,-13.8328701463578,-16.000000159969,-6.69776380155672,-3.24786841333603,-0.0755465468499272,2.83789960431612,5.51183709129096,7.96776870038546,10.2309722006348,12.3308619348113,14.2990211759888,16.000000107441,15.6997512492222,13.0718884215816,9.64758888879172,6.47703810767659,3.99279226200818,2.21434629662831,0.991673817564628,0.150240284791124,-0.44702297087884,-0.885594203072101,-1.20837915479734,-1.4327337240119,-1.5663368563385,-1.61696181932597,-1.59514022647591,-1.51242289123423,-1.3792333574784,-1.20454285743453,-0.997324854716936,-0.768768742663529,-0.534132355814016,-0.313179985045718,-0.128290651234987,0.000220981862966877,0.0610060829427584,0.0586831957225419,0.0172812626924443,-0.0240045556894879,-0.027649179849227,7.14626980752902e-20,2.7567061333912e-20,8.5802440386178e-20,1.07604774763641e-19,1.15496329924638e-19,1.18091553633685e-19,1.18685500156973e-19,1.1853794116303e-19,1.18129077169271e-19,1.17636892371133e-19,1.17104741408295e-19
-17.8547002190363,-15.1236375026203,-12.8031394222685,-10.9922544419693,-9.70419200355485,-8.89975529005976,-8.65926015994233,-8.29708804174546,-8.17145418269256,-8.23856462960418,-8.41620340892527,-5.58871628380522,-2.0392096399799,1.20696211757313,4.21253378814606,7.02541828839422,9.68131968583159,12.2061508844666,14.6180563018544,16.9289383735362,19.145455636717,21.269508697634,23.2982745088899,25.2239007250305,27.0330320025826,28.7063996812341,30.218747646201,31.5393679918496,32.6334579902311,33.4643691234158,33.9966012119518,34.1991322098067,34.0484380015683,33.5304458625278,32.6407699105967,31.3829217386832,29.7646952509881,27.793421541209,25.4710856975732,22.7902638776573,19.7314600154167,16.2617906639643,12.3342449900456,7.88610863770302,2.83473054528726,-4.01338321261743,-8.13914507851533,-7.05260987586847,-5.26822614615518,-88.0000007795169,-40.0000003032338,-40.000000258816,-40.0000001511076,-39.9999995035409,-19.5555668054614,13.6803213020771,8.9931989886927,4.12570432455676,0.844724713070311,-0.798393551073267,-0.371839736312198,2.08824307774791,6.52259241422375,12.9234991123493,21.3113504261731,31.6723999761288,39.9999971753167,39.9999996889888,40.0000000122266,40.0000001350077,40.0000001973809,40.0000002322229,40.0000001986215,40.0000000518337,37.8113745615352,25.0390118880287,25.3211790306268,24.090348071576,21.9470214022253,-40.0000003844879,-40.0000003828618,-40.0000003802611,-40.0000003762678,-40.000000370059,-40.0000003599628,-40.0000003422406,-40.0000003070416,-40.0000002198033,-39.9999998474717,-34.3242959085698,-20.9028359489455,-14.5946472779215,-11.8705680159753,-10.8493228448654,-10.7122055474992,-11.0256634595086,-11.3473454995932,-11.0492707750342,-9.24969112265405,-4.98171368395353,2.28176652270602,11.9295557582259,22.0229705751835,30.190342057677,35.0080650667774,36.5711004677723,35.9462181747374,34.2983572941867,32.3561194625891,30.2850980563361,27.7741939392185,24.1832716702426,18.702434797833,10.5230421205603,-0.990570452038806,-16.1839822973959,-35.1253011482587,-39.9999996941753,-40.0000001195541,-0.133036115237764,-0.133036115237764,-0.133036115237763,-0.133036115237763,-0.133036115237763,-0.133036115237764,-0.133036115237763,-0.133036115237763,-0.133036115237764,-0.133036115237764,0
-34.2113850908552,-26.4258891382963,-19.9006441795289,-14.606405162878,-10.479552562083,-7.43140048977125,-5.87483687188773,-5.1242699206783,-6.5055260349814,-7.97561230062831,-9.47120928357996,-11.4202322125196,-13.3442390836546,-15.0568542927706,-16.5566691392603,-17.8543264915651,-18.9698845571111,-19.9301903883972,-20.7665045946567,-21.5124741087802,-22.2024496572775,-22.8700917443062,-23.5471907403219,-24.262627671866,-25.0414115718588,-25.9037425582838,-26.8640688970685,-27.9301358150685,-29.1020667258277,-30.3715700121991,-31.7214123441663,-33.1253186669857,-34.5484232503259,-35.9482912707534,-37.2763680322764,-38.4795333232177,-39.5012939146312,-40.282074510809,-40.7580682921754,-40.8581527439733,-40.4984221937998,-39.5738941487738,-37.9468751581166,-35.4313023965598,-31.772156014564,-28.2204574022297,-25.8970930189159,-25.3121292509357,-24.1466332313416,109.999990726704,40.0000001116074,39.9999998092192,39.9999978333006,34.6515649026284,30.3141723344933,31.663065032361,17.2728239117668,6.27509261017129,-1.13661557795203,-6.06368842029847,-8.67591049880955,-9.60394271708317,-9.49842122540532,-9.03000329668005,-8.95543981823661,-10.0973379996315,-13.3129962522136,-19.4946509772311,-29.5292230125811,-39.999997515127,-39.9999998959977,-40.0000001477755,-39.9999999610172,-31.3065425529801,-11.1193682939034,22.7012171878896,40.0000000246924,40.0000002809906,40.0000003382625,39.9999996666298,39.9999959314146,30.5178549574726,20.2115426672406,11.3337957019394,3.38803265734717,-3.71127583532118,-9.49213847478459,-13.065676499969,-13.6096838337089,-11.037884860489,-6.62873987609105,-2.30360519382022,1.09092481108305,3.39599962455328,4.76892294636249,5.40261239688943,5.40947625999274,4.79580913851424,3.49870663573319,1.48513415538725,-1.10457199325065,-3.8515312487748,-6.12587335757164,-7.35807705382534,-7.31578585141372,-6.15655529672345,-4.2729489654587,-2.10844357341385,-0.051326327840855,1.60198686123111,2.66031317186282,3.05545088861388,2.8608424718367,2.28498241510322,1.61241360826495,1.09233661848438,0.812169522650942,0.598279174403955,0.102579097802231,0.018726730527447,0.018726730527447,0.018726730527447,0.0187267305274471,0.0187267305274469,0.0187267305274469,0.0187267305274469,0.0187267305274468,0.018726730527447,0.0187267305274469,0
-22.8948070528109,-21.449060887069,-20.1654827307333,-18.9687482832089,-17.8362799476859,-16.7766216076503,-16.0352928977265,-12.5783528033957,-7.04169029574145,-2.4778158308231,1.21371100578424,3.68974650913661,5.36953898909741,6.49702091817624,7.16996886873791,7.48577391202775,7.53622752990709,7.40385665380282,7.15990821123146,6.86375840627958,6.56338093323493,6.29649104470345,6.09202595618035,5.97168236475518,5.95128601765712,6.04180954677511,6.24988647212377,6.57770016216975,7.02216828609891,7.57340852245392,8.21257044581087,8.9092540022278,9.61889322208266,10.2806294180928,10.8162767647698,11.1309371973949,11.1156143167478,10.6518139689067,9.61766360208535,7.89464841396864,5.37380162506211,1.9602395104997,-2.42466005629474,-7.84352542401668,-14.3453404979792,-17.5134094316781,-18.3028748506612,-18.5632160360107,-18.7746167043705,-15.0663671291178,-16.1823084984946,-17.1741751209591,-18.0955863633366,-19.4323615589249,-19.0878052867297,-18.4540615309459,-23.2118791816883,-33.5163809702453,-43.5049022316618,-41.9450918911833,-35.4876033350543,-25.0356692593075,-12.2028868215143,0.336525988933743,10.6023641496412,18.1339193783926,23.3638372478327,27.046198603011,30.2372678322843,33.6084821897717,37.8276065470391,42.9152277509581,48.9261900070034,58.1042333337751,88.0000008656592,88.0000008727851,88.0000008751817,88.0000008764281,88.0000008772194,-30.2681152572552,-15.3366325893119,-6.08211171623023,1.24389616898499,7.76409140416952,13.1531383424828,16.1171458710719,14.7251756748844,7.00007687110453,-7.92646942499944,-28.2162797642683,-39.9999962946881,-39.9999985349023,-39.9999939958603,-33.1285651960644,-23.328505110225,-13.8892697309765,-5.28974758494236,2.10640782397967,7.86545024064824,11.6389590303482,13.4030265853747,13.5876226420306,12.9806627650143,12.4139944537262,12.4318544986627,13.1781970574469,14.5089742229071,16.1565314628098,17.8237511946758,19.1988522247387,19.9277336140286,19.5758290651864,17.5991744225782,13.3412125927127,6.07434324152324,-4.90102491961454,-20.1183220309724,-39.8294008500037,-39.9999998756752,0.133036115237766,0.133036115237764,0.133036115237764,0.133036115237764,0.133036115237764,0.133036115237764,0.133036115237764,0.133036115237764,0.133036115237764,0.133036115237764,0
-15.9748695932578,-19.731313999973,-22.7834598526776,-25.1587656804408,-26.8866821391706,-27.9995378204613,-28.5643972437485,-28.5005755558319,-27.8537158170611,-26.7646541864489,-25.34289611887,-23.6740115641247,-21.8811749620371,-20.0473013034146,-18.236334785135,-16.4988167450252,-14.8726961889086,-13.384917351746,-12.0532983488514,-10.8883982012169,-9.89522054781122,-9.07470068483693,-8.42497350425838,-7.94243824570713,-7.62263582139908,-7.46094507752312,-7.45308985952492,-7.59542987504027,-7.8849849553122,-8.31911618999486,-8.89476467262524,-9.60714071513371,-10.4477784467946,-11.4019360709591,-12.4454347259793,-13.5411775012167,-14.6357477477934,-15.6566162484448,-16.5105539488441,-17.083824245755,-17.2446119806944,-16.8479701716896,-15.7434112921994,-13.7852373237496,-10.8458423417014,-7.27623392341383,-3.17009927392002,-0.536946426150268,-0.434866954357819,-1.13568844911164,-1.14103074459498,-0.827299573199804,-0.599799471421235,-0.33172515616042,-0.730299045543603,-1.33285294615932,-0.718023939958579,-37.933158638251,-101.767467807248,-110.000000892064,-110.000001005073,-110.000001039439,-110.000001056137,-110.000001066105,-110.000001072785,-110.000001077576,-110.000001081152,-110.000001083892,-110.000001086031,-110.000001087729,-110.000001089096,-110.000001090354,-110.000001093218,-110.000001094925,-110.000001095226,-110.000001095551,-110.000001095921,-110.000001096345,-110.000001096821,110.000001039467,40.0000003481273,40.0000003403508,40.000000331226,40.0000003201813,40.0000003055903,40.0000002828569,40.0000002371288,40.000000090758,37.77322114271,11.4985591483167,-20.8573039426511,-34.2270079791041,-33.9851641410248,-27.5360019682834,-20.1744866744407,-14.2278965031087,-10.1765544417628,-7.6741776447047,-6.13895401723744,-5.05479385945237,-4.09295776544667,-3.11997376469603,-2.13689283375151,-1.19373230569733,-0.325878801579647,0.462145313282129,1.17792955136931,1.81523573317783,2.33839823019239,2.68227482362323,2.76809796817533,2.533599134622,1.97162855040311,1.16420997966371,0.291898186671619,-0.401907588870747,-0.699646331666701,-0.537807906823069,-0.162339313306316,0.0444650132652208,0.0444650132652207,0.0444650132652205,0.0444650132652207,0.0444650132652205,0.0444650132652205,0.0444650132652205,0.0444650132652206,0.0444650132652206,0.0444650132652205,0
